[
  {
    "id": "item1",
    "name": "Эспрессо",
    "description": "",
    "category": "Кофе",
    "price": 150,
    "currency": "RUB",
    "tags": [
      "hot"
    ]
  },
  {
    "id": "item2",
    "name": "Американо",
    "description": "",
    "category": "Кофе",
    "price": 150,
    "currency": "RUB",
    "tags": [
      "hot"
    ]
  },
  {
    "id": "item3",
    "name": "Флэт Уайт",
    "description": "",
    "category": "Кофе",
    "price": 250,
    "currency": "RUB",
    "tags": [
      "hot"
    ]
  },
  {
    "id": "item4",
    "name": "Латте",
    "description": "",
    "category": "Кофе",
    "price": 250,
    "currency": "RUB",
    "tags": [
      "hot"
    ]
  },
  {
    "id": "item5",
    "name": "Капучино",
    "description": "",
    "category": "Кофе",
    "price": 250,
    "currency": "RUB",
    "tags": [
      "hot"
    ]
  },
  {
    "id": "item6",
    "name": "Раф классический",
    "description": "",
    "category": "Кофе",
    "price": 300,
    "currency": "RUB",
    "tags": [
      "hot"
    ]
  },
  {
    "id": "item7",
    "name": "Раф цитрусовый",
    "description": "",
    "category": "Кофе",
    "price": 300,
    "currency": "RUB",
    "tags": [
      "hot"
    ]
  },
  {
    "id": "item8",
    "name": "Раф лавандовый",
    "description": "",
    "category": "Кофе",
    "price": 300,
    "currency": "RUB",
    "tags": [
      "hot"
    ]
  },
  {
    "id": "item9",
    "name": "Раф банановый",
    "description": "",
    "category": "Кофе",
    "price": 300,
    "currency": "RUB",
    "tags": [
      "hot"
    ]
  },
  {
    "id": "item10",
    "name": "Горячий шоколад",
    "description": "",
    "category": "Не кофе",
    "price": 250,
    "currency": "RUB",
    "tags": [
      "hot"
    ]
  },
  {
    "id": "item11",
    "name": "Айс латте",
    "description": "",
    "category": "Холодный кофе",
    "price": 250,
    "currency": "RUB",
    "tags": [
      "cold"
    ]
  },
  {
    "id": "item12",
    "name": "Кофе с Урбечем",
    "description": "",
    "category": "Холодный кофе",
    "price": 300,
    "currency": "RUB",
    "tags": [
      "cold"
    ]
  },
  {
    "id": "item13",
    "name": "Ред булл Тоник",
    "description": "",
    "category": "Эспрессо-тоник",
    "price": 300,
    "currency": "RUB",
    "tags": [
      "cold"
    ]
  },
  {
    "id": "item14",
    "name": "Адреналин Тоник",
    "description": "",
    "category": "Эспрессо-тоник",
    "price": 300,
    "currency": "RUB",
    "tags": [
      "cold"
    ]
  },
  {
    "id": "item15",
    "name": "Гранатовый Тоник",
    "description": "",
    "category": "Эспрессо-тоник",
    "price": 300,
    "currency": "RUB",
    "tags": [
      "cold"
    ]
  },
  {
    "id": "item16",
    "name": "Апельсиновый",
    "description": "",
    "category": "Фреш",
    "price": 300,
    "currency": "RUB",
    "tags": [
      "cold"
    ]
  },
  {
    "id": "item17",
    "name": "Яблочный",
    "description": "",
    "category": "Фреш",
    "price": 300,
    "currency": "RUB",
    "tags": [
      "cold"
    ]
  },
  {
    "id": "item18",
    "name": "Ананасовый",
    "description": "",
    "category": "Фреш",
    "price": 350,
    "currency": "RUB",
    "tags": [
      "cold"
    ]
  },
  {
    "id": "item19",
    "name": "Фруктовый микс",
    "description": "",
    "category": "Фреш",
    "price": 300,
    "currency": "RUB",
    "tags": [
      "cold"
    ]
  },
  {
    "id": "item20",
    "name": "Голубая лагуна",
    "description": "",
    "category": "Мохито",
    "price": 250,
    "currency": "RUB",
    "tags": [
      "cold"
    ]
  },
  {
    "id": "item21",
    "name": "Манго Маракуйя",
    "description": "",
    "category": "Мохито",
    "price": 250,
    "currency": "RUB",
    "tags": [
      "cold"
    ]
  },
  {
    "id": "item22",
    "name": "Клубничный",
    "description": "",
    "category": "Мохито",
    "price": 250,
    "currency": "RUB",
    "tags": [
      "cold"
    ]
  },
  {
    "id": "item23",
    "name": "Ягодный",
    "description": "",
    "category": "Мохито",
    "price": 250,
    "currency": "RUB",
    "tags": [
      "cold"
    ]
  }
]